"",EmployeeKey,EmployeeID,FirstName,LastName,Address,City,State,Country,Source
0,1,285,Syed,Abbas,7484 Roundtree Drive,Bothell,Washington,United States,AdventureWorks
1,2,283,David,Campbell,2284 Azalea Avenue,Bellevue,Washington,United States,AdventureWorks
2,3,278,Garrett,Vargas,10203 Acorn Avenue,Calgary,Alberta,Canada,AdventureWorks
3,4,279,Tsvi,Reiter,8291 Crossbow Way,Memphis,Tennessee,United States,AdventureWorks
4,5,277,Jillian,Carson,80 Sunview Terrace,Duluth,Minnesota,United States,AdventureWorks
5,6,275,Michael,Blythe,8154 Via Mexico,Detroit,Michigan,United States,AdventureWorks
6,7,288,Rachel,Valdez,Pascalstr 951,Berlin,Hamburg,Germany,AdventureWorks
7,8,287,Amy,Alberts,5009 Orange Street,Renton,Washington,United States,AdventureWorks
8,9,276,Linda,Mitchell,2487 Riverside Drive,Nevada,Utah,United States,AdventureWorks
9,10,282,Jos√©,Saraiva,9100 Sheppard Avenue North,Ottawa,Ontario,Canada,AdventureWorks
10,11,289,Jae,Pak,Downshire Way,Cambridge,England,United Kingdom,AdventureWorks
11,12,290,Ranjit,Varkey Chudukatil,"94, rue Descartes",Bordeaux,Gironde,France,AdventureWorks
12,13,274,Stephen,Jiang,2427 Notre Dame Ave.,Redmond,Washington,United States,AdventureWorks
13,14,286,Lynn,Tsoflias,34 Waterloo Road,Melbourne,Victoria,Australia,AdventureWorks
14,15,280,Pamela,Ansman-Wolfe,636 Vine Hill Way,Portland,Oregon,United States,AdventureWorks
15,16,284,Tete,Mensa-Annan,3997 Via De Luna,Cambridge,Massachusetts,United States,AdventureWorks
16,17,``,Shu,Ito,5725 Glaze Drive,San Francisco,California,United States,AdventureWorks
17,18,102,Fran,Whitney,49 East Washington Street,Needham,Massachusetts,United States,AenC
18,19,105,Matthew,Cobb,77 Pleasant Street,Waltham,Massachusetts,United States,AenC
19,20,129,Philip,Chin,59 Pond Street,Atlanta,Georgia,United States,AenC
20,21,148,Julie,Jordan,144 Great Plain Avenue,Winchester,Massachusetts,United States,AenC
21,22,160,Robert,Breault,58 Cherry Street,Milton,Massachusetts,United States,AenC
22,23,184,Melissa,Espinoza,112 Apple Tree Way,Stow,Massachusetts,United States,AenC
23,24,191,Jeannette,Bertrand,209 Concord Street,Acton,Massachusetts,United States,AenC
24,25,195,Marc,Dill,89 Hancock Street,Milton,Massachusetts,United States,AenC
25,26,207,Jane,Francis,12 Hawthorne Drive,Concord,Massachusetts,United States,AenC
26,27,243,Natasha,Shishov,15 Milk Street,Waltham,Massachusetts,United States,AenC
27,28,247,Kurt,Driscoll,154 School Street,Waltham,Massachusetts,United States,AenC
28,29,249,Rodrigo,Guevara,East Main Street,Framingham,Massachusetts,United States,AenC
29,30,266,Ram,Gowda,79 Page Street,Natick,Massachusetts,United States,AenC
30,31,278,Terry,Melkisetian,87 Oxford Road,Watertown,Massachusetts,United States,AenC
31,32,299,Rollin,Overbey,1915 Companion Ct.,Emeryville,California,United States,AenC
32,33,316,Lynn,Pastor,14 Cricklewood Drive,Burlington,Massachusetts,United States,AenC
33,34,318,John,Crow,531 Main Street,Watertown,Massachusetts,United States,AenC
34,35,390,Jo Ann,Davidson,27 Mount Vernon Road,Needham,Massachusetts,United States,AenC
35,36,409,Bruce,Weaver,19 Westmoreland Street,Lexington,Massachusetts,United States,AenC
36,37,445,Kim,Lull,199 Lincoln Street,Concord,Massachusetts,United States,AenC
37,38,453,Andrew,Rabkin,44 Birds Hill Way,Burlington,Massachusetts,United States,AenC
38,39,467,James,Klobucher,18 Corning Street,Houston,Texas,United States,AenC
39,40,479,Linda,Siperstein,341 Hillside Avenue,Newton,Massachusetts,United States,AenC
40,41,501,David,Scott,21 Riverdale Drive,Belmont,Massachusetts,United States,AenC
41,42,529,Dorothy,Sullivan,124 Minuteman Drive,Lexington,Massachusetts,United States,AenC
42,43,582,Peter,Samuels,54 Woodlawn Street,Newton,Massachusetts,United States,AenC
43,44,586,James,Coleman,57 Heather Hill Drive,Acton,Massachusetts,United States,AenC
44,45,591,Irene,Barletta,37 Gleason Street,Bedford,Massachusetts,United States,AenC
45,46,604,Albert,Wang,48 Edwin Street,Waltham,Massachusetts,United States,AenC
46,47,641,Thomas,Powell,48 Kennedy Court,Newton,Massachusetts,United States,AenC
47,48,667,Mary,Garcia,98 Purvis Street,Houston,Texas,United States,AenC
48,49,690,Kathleen,Poitras,50 The Fenway,Boston,Massachusetts,United States,AenC
49,50,703,Jose,Martinez,123 Washington Street,Westwood,Massachusetts,United States,AenC
50,51,750,Jane,Braun,45 Wood Street,Cambridge,Massachusetts,United States,AenC
51,52,757,Denis,Higgins,1033 Massachusetts Avenue,Lexington,Massachusetts,United States,AenC
52,53,839,Dean,Marshall,44 Mount Pleasant Street,Belmont,Massachusetts,United States,AenC
53,54,856,Samuel,Singer,187 Orchard Road,Stow,Massachusetts,United States,AenC
54,55,862,John,Sheffield,45 Belleview Drive,Houston,Texas,United States,AenC
55,56,868,Felicia,Kuo,79 Oak Street,Cambridge,Massachusetts,United States,AenC
56,57,879,Kristen,Coe,30 Rainbow Road,West Roxbury,Massachusetts,United States,AenC
57,58,888,Doug,Charlton,57 Webster Street,Concord,Massachusetts,United States,AenC
58,59,902,Judy,Snow,12 Fountain Road,Marblehead,Massachusetts,United States,AenC
59,60,913,Ken,Martel,23 Lincoln Street,Needham,Massachusetts,United States,AenC
60,61,921,Charles,Crowley,421 Beacon Street,Belmont,Massachusetts,United States,AenC
61,62,930,Ann,Taylor,25 Westminster Street,Atlanta,Georgia,United States,AenC
62,63,949,Pamela,Savarino,112 Beach Street,Long Beach,California,United States,AenC
63,64,958,Thomas,Sisson,54 School Street,Houston,Texas,United States,AenC
64,65,992,Joyce,Butterfield,119 Adams Street,Cambridge,Massachusetts,United States,AenC
65,66,1013,Joseph,Barker,58 West Drive,Bedford,Massachusetts,United States,AenC
66,67,1021,Paul,Sterling,112 Endicott Street,Concord,Massachusetts,United States,AenC
67,68,1039,Shih Lin,Chao,59 Holyoke Street,Lexington,Massachusetts,United States,AenC
68,69,1062,Barbara,Blaikie,66 Beaumont Terrace,Needham,Massachusetts,United States,AenC
69,70,1090,Susan,Smith,177 Johnson Street,Houston,Texas,United States,AenC
70,71,1101,Mark,Preston,49 Constitution Road,Boston,Massachusetts,United States,AenC
71,72,1142,Alison,Clark,56 Carver Street,Emeryville,California,United States,AenC
72,73,1157,Hing,Soo,19 Glenmeadow Street,Needham,Massachusetts,United States,AenC
73,74,1162,Kevin,Goggin,12 Wachusett Road,Wellesley,Massachusetts,United States,AenC
74,75,1191,Matthew,Bucceri,57 Taylor Place,Lexington,Massachusetts,United States,AenC
75,76,1250,Emilio,Diaz,112 Evergreen Street,Wellesley,Massachusetts,United States,AenC
76,77,1293,Mary Anne,Shea,197 Camden Road,Lexington,Massachusetts,United States,AenC
77,78,1336,Janet,Bigelow,84 Lunda Street,Waltham,Massachusetts,United States,AenC
78,79,1390,Jennifer,Litton,17 Downing Street,Concord,Massachusetts,United States,AenC
79,80,1446,Caroline,Yeung,52 Cypress Street,Atlanta,Georgia,United States,AenC
80,81,1483,John,Letiecq,149 Vista Drive,Burlington,Massachusetts,United States,AenC
81,82,1507,Ruth,Wetherby,82 Aberdeen Road,Needham,Massachusetts,United States,AenC
82,83,1570,Anthony,Rebeiro,39 Moody Street,Waltham,Massachusetts,United States,AenC
83,84,1576,Scott,Evans,10-A Sunrise Circle,Concord,Massachusetts,United States,AenC
84,85,1596,Catherine,Pickett,45 Appleton Road,Bedford,Massachusetts,United States,AenC
85,86,1607,Mark,Morris,1 Example Way,Waltham,Massachusetts,United States,AenC
86,87,1615,Sheila,Romero,1 Oakview Terrace,Bedford,Massachusetts,United States,AenC
87,88,1643,Elizabeth,Lambert,29 Union Street,Burlington,Massachusetts,United States,AenC
88,89,1658,Michael,Lynch,76 Brookside Road,Waltham,Massachusetts,United States,AenC
89,90,1684,Janet,Hildebrand,47 Hilltop Street,Waltham,Massachusetts,United States,AenC
90,91,1740,Robert,Nielsen,55 Sargent Avenue,Bedford,Massachusetts,United States,AenC
91,92,1751,Alex,Ahmed,114 Cushing Street,Needham,Massachusetts,United States,AenC
92,93,1,Nancy,Davolio,507 - 20th Ave. E.Apt. 2A,Seattle,Washington,United States,NorthWind
93,94,2,Andrew,Fuller,908 W. Capital Way,Tacoma,Washington,United States,NorthWind
94,95,3,Janet,Leverling,722 Moss Bay Blvd.,Kirkland,Washington,United States,NorthWind
95,96,4,Margaret,Peacock,4110 Old Redmond Rd.,Redmond,Washington,United States,NorthWind
96,97,5,Steven,Buchanan,14 Garrett Hill,London,England,United Kingdom,NorthWind
97,98,6,Michael,Suyama,Coventry House\nMiner Rd.,London,England,United Kingdom,NorthWind
98,99,7,Robert,King,Edgeham Hollow\nWinchester Way,London,England,United Kingdom,NorthWind
99,100,8,Laura,Callahan,4726 - 11th Ave. N.E.,Seattle,Washington,United States,NorthWind
100,101,9,Anne,Dodsworth,7 Houndstooth Rd.,London,England,United Kingdom,NorthWind
