"",ProductKey,ProductID,Name,Subcategory,Category,Source
0,1,1,Adjustable Race,NaN,NaN,AdventureWorks
1,2,2,Bearing Ball,NaN,NaN,AdventureWorks
2,3,3,BB Ball Bearing,NaN,NaN,AdventureWorks
3,4,4,Headset Ball Bearings,NaN,NaN,AdventureWorks
4,5,316,Blade,NaN,NaN,AdventureWorks
5,6,317,LL Crankarm,NaN,NaN,AdventureWorks
6,7,318,ML Crankarm,NaN,NaN,AdventureWorks
7,8,319,HL Crankarm,NaN,NaN,AdventureWorks
8,9,320,Chainring Bolts,NaN,NaN,AdventureWorks
9,10,321,Chainring Nut,NaN,NaN,AdventureWorks
10,11,322,Chainring,NaN,NaN,AdventureWorks
11,12,323,Crown Race,NaN,NaN,AdventureWorks
12,13,324,Chain Stays,NaN,NaN,AdventureWorks
13,14,325,Decal 1,NaN,NaN,AdventureWorks
14,15,326,Decal 2,NaN,NaN,AdventureWorks
15,16,327,Down Tube,NaN,NaN,AdventureWorks
16,17,328,Mountain End Caps,NaN,NaN,AdventureWorks
17,18,329,Road End Caps,NaN,NaN,AdventureWorks
18,19,330,Touring End Caps,NaN,NaN,AdventureWorks
19,20,331,Fork End,NaN,NaN,AdventureWorks
20,21,332,Freewheel,NaN,NaN,AdventureWorks
21,22,341,Flat Washer 1,NaN,NaN,AdventureWorks
22,23,342,Flat Washer 6,NaN,NaN,AdventureWorks
23,24,343,Flat Washer 2,NaN,NaN,AdventureWorks
24,25,344,Flat Washer 9,NaN,NaN,AdventureWorks
25,26,345,Flat Washer 4,NaN,NaN,AdventureWorks
26,27,346,Flat Washer 3,NaN,NaN,AdventureWorks
27,28,347,Flat Washer 8,NaN,NaN,AdventureWorks
28,29,348,Flat Washer 5,NaN,NaN,AdventureWorks
29,30,349,Flat Washer 7,NaN,NaN,AdventureWorks
30,31,350,Fork Crown,NaN,NaN,AdventureWorks
31,32,351,Front Derailleur Cage,NaN,NaN,AdventureWorks
32,33,352,Front Derailleur Linkage,NaN,NaN,AdventureWorks
33,34,355,Guide Pulley,NaN,NaN,AdventureWorks
34,35,356,LL Grip Tape,NaN,NaN,AdventureWorks
35,36,357,ML Grip Tape,NaN,NaN,AdventureWorks
36,37,358,HL Grip Tape,NaN,NaN,AdventureWorks
37,38,359,Thin-Jam Hex Nut 9,NaN,NaN,AdventureWorks
38,39,360,Thin-Jam Hex Nut 10,NaN,NaN,AdventureWorks
39,40,361,Thin-Jam Hex Nut 1,NaN,NaN,AdventureWorks
40,41,362,Thin-Jam Hex Nut 2,NaN,NaN,AdventureWorks
41,42,363,Thin-Jam Hex Nut 15,NaN,NaN,AdventureWorks
42,43,364,Thin-Jam Hex Nut 16,NaN,NaN,AdventureWorks
43,44,365,Thin-Jam Hex Nut 5,NaN,NaN,AdventureWorks
44,45,366,Thin-Jam Hex Nut 6,NaN,NaN,AdventureWorks
45,46,367,Thin-Jam Hex Nut 3,NaN,NaN,AdventureWorks
46,47,368,Thin-Jam Hex Nut 4,NaN,NaN,AdventureWorks
47,48,369,Thin-Jam Hex Nut 13,NaN,NaN,AdventureWorks
48,49,370,Thin-Jam Hex Nut 14,NaN,NaN,AdventureWorks
49,50,371,Thin-Jam Hex Nut 7,NaN,NaN,AdventureWorks
50,51,372,Thin-Jam Hex Nut 8,NaN,NaN,AdventureWorks
51,52,373,Thin-Jam Hex Nut 12,NaN,NaN,AdventureWorks
52,53,374,Thin-Jam Hex Nut 11,NaN,NaN,AdventureWorks
53,54,375,Hex Nut 5,NaN,NaN,AdventureWorks
54,55,376,Hex Nut 6,NaN,NaN,AdventureWorks
55,56,377,Hex Nut 16,NaN,NaN,AdventureWorks
56,57,378,Hex Nut 17,NaN,NaN,AdventureWorks
57,58,379,Hex Nut 7,NaN,NaN,AdventureWorks
58,59,380,Hex Nut 8,NaN,NaN,AdventureWorks
59,60,381,Hex Nut 9,NaN,NaN,AdventureWorks
60,61,382,Hex Nut 22,NaN,NaN,AdventureWorks
61,62,383,Hex Nut 23,NaN,NaN,AdventureWorks
62,63,384,Hex Nut 12,NaN,NaN,AdventureWorks
63,64,385,Hex Nut 13,NaN,NaN,AdventureWorks
64,65,386,Hex Nut 1,NaN,NaN,AdventureWorks
65,66,387,Hex Nut 10,NaN,NaN,AdventureWorks
66,67,388,Hex Nut 11,NaN,NaN,AdventureWorks
67,68,389,Hex Nut 2,NaN,NaN,AdventureWorks
68,69,390,Hex Nut 20,NaN,NaN,AdventureWorks
69,70,391,Hex Nut 21,NaN,NaN,AdventureWorks
70,71,392,Hex Nut 3,NaN,NaN,AdventureWorks
71,72,393,Hex Nut 14,NaN,NaN,AdventureWorks
72,73,394,Hex Nut 15,NaN,NaN,AdventureWorks
73,74,395,Hex Nut 4,NaN,NaN,AdventureWorks
74,75,396,Hex Nut 18,NaN,NaN,AdventureWorks
75,76,397,Hex Nut 19,NaN,NaN,AdventureWorks
76,77,398,Handlebar Tube,NaN,NaN,AdventureWorks
77,78,399,Head Tube,NaN,NaN,AdventureWorks
78,79,400,LL Hub,NaN,NaN,AdventureWorks
79,80,401,HL Hub,NaN,NaN,AdventureWorks
80,81,402,Keyed Washer,NaN,NaN,AdventureWorks
81,82,403,External Lock Washer 3,NaN,NaN,AdventureWorks
82,83,404,External Lock Washer 4,NaN,NaN,AdventureWorks
83,84,405,External Lock Washer 9,NaN,NaN,AdventureWorks
84,85,406,External Lock Washer 5,NaN,NaN,AdventureWorks
85,86,407,External Lock Washer 7,NaN,NaN,AdventureWorks
86,87,408,External Lock Washer 6,NaN,NaN,AdventureWorks
87,88,409,External Lock Washer 1,NaN,NaN,AdventureWorks
88,89,410,External Lock Washer 8,NaN,NaN,AdventureWorks
89,90,411,External Lock Washer 2,NaN,NaN,AdventureWorks
90,91,412,Internal Lock Washer 3,NaN,NaN,AdventureWorks
91,92,413,Internal Lock Washer 4,NaN,NaN,AdventureWorks
92,93,414,Internal Lock Washer 9,NaN,NaN,AdventureWorks
93,94,415,Internal Lock Washer 5,NaN,NaN,AdventureWorks
94,95,416,Internal Lock Washer 7,NaN,NaN,AdventureWorks
95,96,417,Internal Lock Washer 6,NaN,NaN,AdventureWorks
96,97,418,Internal Lock Washer 10,NaN,NaN,AdventureWorks
97,98,419,Internal Lock Washer 1,NaN,NaN,AdventureWorks
98,99,420,Internal Lock Washer 8,NaN,NaN,AdventureWorks
99,100,421,Internal Lock Washer 2,NaN,NaN,AdventureWorks
100,101,422,Thin-Jam Lock Nut 9,NaN,NaN,AdventureWorks
101,102,423,Thin-Jam Lock Nut 10,NaN,NaN,AdventureWorks
102,103,424,Thin-Jam Lock Nut 1,NaN,NaN,AdventureWorks
103,104,425,Thin-Jam Lock Nut 2,NaN,NaN,AdventureWorks
104,105,426,Thin-Jam Lock Nut 15,NaN,NaN,AdventureWorks
105,106,427,Thin-Jam Lock Nut 16,NaN,NaN,AdventureWorks
106,107,428,Thin-Jam Lock Nut 5,NaN,NaN,AdventureWorks
107,108,429,Thin-Jam Lock Nut 6,NaN,NaN,AdventureWorks
108,109,430,Thin-Jam Lock Nut 3,NaN,NaN,AdventureWorks
109,110,431,Thin-Jam Lock Nut 4,NaN,NaN,AdventureWorks
110,111,432,Thin-Jam Lock Nut 13,NaN,NaN,AdventureWorks
111,112,433,Thin-Jam Lock Nut 14,NaN,NaN,AdventureWorks
112,113,434,Thin-Jam Lock Nut 7,NaN,NaN,AdventureWorks
113,114,435,Thin-Jam Lock Nut 8,NaN,NaN,AdventureWorks
114,115,436,Thin-Jam Lock Nut 12,NaN,NaN,AdventureWorks
115,116,437,Thin-Jam Lock Nut 11,NaN,NaN,AdventureWorks
116,117,438,Lock Nut 5,NaN,NaN,AdventureWorks
117,118,439,Lock Nut 6,NaN,NaN,AdventureWorks
118,119,440,Lock Nut 16,NaN,NaN,AdventureWorks
119,120,441,Lock Nut 17,NaN,NaN,AdventureWorks
120,121,442,Lock Nut 7,NaN,NaN,AdventureWorks
121,122,443,Lock Nut 8,NaN,NaN,AdventureWorks
122,123,444,Lock Nut 9,NaN,NaN,AdventureWorks
123,124,445,Lock Nut 22,NaN,NaN,AdventureWorks
124,125,446,Lock Nut 23,NaN,NaN,AdventureWorks
125,126,447,Lock Nut 12,NaN,NaN,AdventureWorks
126,127,448,Lock Nut 13,NaN,NaN,AdventureWorks
127,128,449,Lock Nut 1,NaN,NaN,AdventureWorks
128,129,450,Lock Nut 10,NaN,NaN,AdventureWorks
129,130,451,Lock Nut 11,NaN,NaN,AdventureWorks
130,131,452,Lock Nut 2,NaN,NaN,AdventureWorks
131,132,453,Lock Nut 20,NaN,NaN,AdventureWorks
132,133,454,Lock Nut 21,NaN,NaN,AdventureWorks
133,134,455,Lock Nut 3,NaN,NaN,AdventureWorks
134,135,456,Lock Nut 14,NaN,NaN,AdventureWorks
135,136,457,Lock Nut 15,NaN,NaN,AdventureWorks
136,137,458,Lock Nut 4,NaN,NaN,AdventureWorks
137,138,459,Lock Nut 19,NaN,NaN,AdventureWorks
138,139,460,Lock Nut 18,NaN,NaN,AdventureWorks
139,140,461,Lock Ring,NaN,NaN,AdventureWorks
140,141,462,Lower Head Race,NaN,NaN,AdventureWorks
141,142,463,Lock Washer 4,NaN,NaN,AdventureWorks
142,143,464,Lock Washer 5,NaN,NaN,AdventureWorks
143,144,465,Lock Washer 10,NaN,NaN,AdventureWorks
144,145,466,Lock Washer 6,NaN,NaN,AdventureWorks
145,146,467,Lock Washer 13,NaN,NaN,AdventureWorks
146,147,468,Lock Washer 8,NaN,NaN,AdventureWorks
147,148,469,Lock Washer 1,NaN,NaN,AdventureWorks
148,149,470,Lock Washer 7,NaN,NaN,AdventureWorks
149,150,471,Lock Washer 12,NaN,NaN,AdventureWorks
150,151,472,Lock Washer 2,NaN,NaN,AdventureWorks
151,152,473,Lock Washer 9,NaN,NaN,AdventureWorks
152,153,474,Lock Washer 3,NaN,NaN,AdventureWorks
153,154,475,Lock Washer 11,NaN,NaN,AdventureWorks
154,155,476,Metal Angle,NaN,NaN,AdventureWorks
155,156,477,Metal Bar 1,NaN,NaN,AdventureWorks
156,157,478,Metal Bar 2,NaN,NaN,AdventureWorks
157,158,479,Metal Plate 2,NaN,NaN,AdventureWorks
158,159,480,Metal Plate 1,NaN,NaN,AdventureWorks
159,160,481,Metal Plate 3,NaN,NaN,AdventureWorks
160,161,482,Metal Sheet 2,NaN,NaN,AdventureWorks
161,162,483,Metal Sheet 3,NaN,NaN,AdventureWorks
162,163,484,Metal Sheet 7,NaN,NaN,AdventureWorks
163,164,485,Metal Sheet 4,NaN,NaN,AdventureWorks
164,165,486,Metal Sheet 5,NaN,NaN,AdventureWorks
165,166,487,Metal Sheet 6,NaN,NaN,AdventureWorks
166,167,488,Metal Sheet 1,NaN,NaN,AdventureWorks
167,168,489,Metal Tread Plate,NaN,NaN,AdventureWorks
168,169,490,LL Nipple,NaN,NaN,AdventureWorks
169,170,491,HL Nipple,NaN,NaN,AdventureWorks
170,171,492,Paint - Black,NaN,NaN,AdventureWorks
171,172,493,Paint - Red,NaN,NaN,AdventureWorks
172,173,494,Paint - Silver,NaN,NaN,AdventureWorks
173,174,495,Paint - Blue,NaN,NaN,AdventureWorks
174,175,496,Paint - Yellow,NaN,NaN,AdventureWorks
175,176,497,Pinch Bolt,NaN,NaN,AdventureWorks
176,177,504,Cup-Shaped Race,NaN,NaN,AdventureWorks
177,178,505,Cone-Shaped Race,NaN,NaN,AdventureWorks
178,179,506,Reflector,NaN,NaN,AdventureWorks
179,180,507,LL Mountain Rim,NaN,NaN,AdventureWorks
180,181,508,ML Mountain Rim,NaN,NaN,AdventureWorks
181,182,509,HL Mountain Rim,NaN,NaN,AdventureWorks
182,183,510,LL Road Rim,NaN,NaN,AdventureWorks
183,184,511,ML Road Rim,NaN,NaN,AdventureWorks
184,185,512,HL Road Rim,NaN,NaN,AdventureWorks
185,186,513,Touring Rim,NaN,NaN,AdventureWorks
186,187,514,LL Mountain Seat Assembly,NaN,NaN,AdventureWorks
187,188,515,ML Mountain Seat Assembly,NaN,NaN,AdventureWorks
188,189,516,HL Mountain Seat Assembly,NaN,NaN,AdventureWorks
189,190,517,LL Road Seat Assembly,NaN,NaN,AdventureWorks
190,191,518,ML Road Seat Assembly,NaN,NaN,AdventureWorks
191,192,519,HL Road Seat Assembly,NaN,NaN,AdventureWorks
192,193,520,LL Touring Seat Assembly,NaN,NaN,AdventureWorks
193,194,521,ML Touring Seat Assembly,NaN,NaN,AdventureWorks
194,195,522,HL Touring Seat Assembly,NaN,NaN,AdventureWorks
195,196,523,LL Spindle/Axle,NaN,NaN,AdventureWorks
196,197,524,HL Spindle/Axle,NaN,NaN,AdventureWorks
197,198,525,LL Shell,NaN,NaN,AdventureWorks
198,199,526,HL Shell,NaN,NaN,AdventureWorks
199,200,527,Spokes,NaN,NaN,AdventureWorks
200,201,528,Seat Lug,NaN,NaN,AdventureWorks
201,202,529,Stem,NaN,NaN,AdventureWorks
202,203,530,Seat Post,NaN,NaN,AdventureWorks
203,204,531,Steerer,NaN,NaN,AdventureWorks
204,205,532,Seat Stays,NaN,NaN,AdventureWorks
205,206,533,Seat Tube,NaN,NaN,AdventureWorks
206,207,534,Top Tube,NaN,NaN,AdventureWorks
207,208,535,Tension Pulley,NaN,NaN,AdventureWorks
208,209,679,Rear Derailleur Cage,NaN,NaN,AdventureWorks
209,210,680,"HL Road Frame - Black, 58",Road Frames,Components,AdventureWorks
210,211,706,"HL Road Frame - Red, 58",Road Frames,Components,AdventureWorks
211,212,707,"Sport-100 Helmet, Red",Helmets,Accessories,AdventureWorks
212,213,708,"Sport-100 Helmet, Black",Helmets,Accessories,AdventureWorks
213,214,709,"Mountain Bike Socks, M",Socks,Clothing,AdventureWorks
214,215,710,"Mountain Bike Socks, L",Socks,Clothing,AdventureWorks
215,216,711,"Sport-100 Helmet, Blue",Helmets,Accessories,AdventureWorks
216,217,712,AWC Logo Cap,Caps,Clothing,AdventureWorks
217,218,713,"Long-Sleeve Logo Jersey, S",Jerseys,Clothing,AdventureWorks
218,219,714,"Long-Sleeve Logo Jersey, M",Jerseys,Clothing,AdventureWorks
219,220,715,"Long-Sleeve Logo Jersey, L",Jerseys,Clothing,AdventureWorks
220,221,716,"Long-Sleeve Logo Jersey, XL",Jerseys,Clothing,AdventureWorks
221,222,717,"HL Road Frame - Red, 62",Road Frames,Components,AdventureWorks
222,223,718,"HL Road Frame - Red, 44",Road Frames,Components,AdventureWorks
223,224,719,"HL Road Frame - Red, 48",Road Frames,Components,AdventureWorks
224,225,720,"HL Road Frame - Red, 52",Road Frames,Components,AdventureWorks
225,226,721,"HL Road Frame - Red, 56",Road Frames,Components,AdventureWorks
226,227,722,"LL Road Frame - Black, 58",Road Frames,Components,AdventureWorks
227,228,723,"LL Road Frame - Black, 60",Road Frames,Components,AdventureWorks
228,229,724,"LL Road Frame - Black, 62",Road Frames,Components,AdventureWorks
229,230,725,"LL Road Frame - Red, 44",Road Frames,Components,AdventureWorks
230,231,726,"LL Road Frame - Red, 48",Road Frames,Components,AdventureWorks
231,232,727,"LL Road Frame - Red, 52",Road Frames,Components,AdventureWorks
232,233,728,"LL Road Frame - Red, 58",Road Frames,Components,AdventureWorks
233,234,729,"LL Road Frame - Red, 60",Road Frames,Components,AdventureWorks
234,235,730,"LL Road Frame - Red, 62",Road Frames,Components,AdventureWorks
235,236,731,"ML Road Frame - Red, 44",Road Frames,Components,AdventureWorks
236,237,732,"ML Road Frame - Red, 48",Road Frames,Components,AdventureWorks
237,238,733,"ML Road Frame - Red, 52",Road Frames,Components,AdventureWorks
238,239,734,"ML Road Frame - Red, 58",Road Frames,Components,AdventureWorks
239,240,735,"ML Road Frame - Red, 60",Road Frames,Components,AdventureWorks
240,241,736,"LL Road Frame - Black, 44",Road Frames,Components,AdventureWorks
241,242,737,"LL Road Frame - Black, 48",Road Frames,Components,AdventureWorks
242,243,738,"LL Road Frame - Black, 52",Road Frames,Components,AdventureWorks
243,244,739,"HL Mountain Frame - Silver, 42",Mountain Frames,Components,AdventureWorks
244,245,740,"HL Mountain Frame - Silver, 44",Mountain Frames,Components,AdventureWorks
245,246,741,"HL Mountain Frame - Silver, 48",Mountain Frames,Components,AdventureWorks
246,247,742,"HL Mountain Frame - Silver, 46",Mountain Frames,Components,AdventureWorks
247,248,743,"HL Mountain Frame - Black, 42",Mountain Frames,Components,AdventureWorks
248,249,744,"HL Mountain Frame - Black, 44",Mountain Frames,Components,AdventureWorks
249,250,745,"HL Mountain Frame - Black, 48",Mountain Frames,Components,AdventureWorks
250,251,746,"HL Mountain Frame - Black, 46",Mountain Frames,Components,AdventureWorks
251,252,747,"HL Mountain Frame - Black, 38",Mountain Frames,Components,AdventureWorks
252,253,748,"HL Mountain Frame - Silver, 38",Mountain Frames,Components,AdventureWorks
253,254,749,"Road-150 Red, 62",Road Bikes,Bikes,AdventureWorks
254,255,750,"Road-150 Red, 44",Road Bikes,Bikes,AdventureWorks
255,256,751,"Road-150 Red, 48",Road Bikes,Bikes,AdventureWorks
256,257,752,"Road-150 Red, 52",Road Bikes,Bikes,AdventureWorks
257,258,753,"Road-150 Red, 56",Road Bikes,Bikes,AdventureWorks
258,259,754,"Road-450 Red, 58",Road Bikes,Bikes,AdventureWorks
259,260,755,"Road-450 Red, 60",Road Bikes,Bikes,AdventureWorks
260,261,756,"Road-450 Red, 44",Road Bikes,Bikes,AdventureWorks
261,262,757,"Road-450 Red, 48",Road Bikes,Bikes,AdventureWorks
262,263,758,"Road-450 Red, 52",Road Bikes,Bikes,AdventureWorks
263,264,759,"Road-650 Red, 58",Road Bikes,Bikes,AdventureWorks
264,265,760,"Road-650 Red, 60",Road Bikes,Bikes,AdventureWorks
265,266,761,"Road-650 Red, 62",Road Bikes,Bikes,AdventureWorks
266,267,762,"Road-650 Red, 44",Road Bikes,Bikes,AdventureWorks
267,268,763,"Road-650 Red, 48",Road Bikes,Bikes,AdventureWorks
268,269,764,"Road-650 Red, 52",Road Bikes,Bikes,AdventureWorks
269,270,765,"Road-650 Black, 58",Road Bikes,Bikes,AdventureWorks
270,271,766,"Road-650 Black, 60",Road Bikes,Bikes,AdventureWorks
271,272,767,"Road-650 Black, 62",Road Bikes,Bikes,AdventureWorks
272,273,768,"Road-650 Black, 44",Road Bikes,Bikes,AdventureWorks
273,274,769,"Road-650 Black, 48",Road Bikes,Bikes,AdventureWorks
274,275,770,"Road-650 Black, 52",Road Bikes,Bikes,AdventureWorks
275,276,771,"Mountain-100 Silver, 38",Mountain Bikes,Bikes,AdventureWorks
276,277,772,"Mountain-100 Silver, 42",Mountain Bikes,Bikes,AdventureWorks
277,278,773,"Mountain-100 Silver, 44",Mountain Bikes,Bikes,AdventureWorks
278,279,774,"Mountain-100 Silver, 48",Mountain Bikes,Bikes,AdventureWorks
279,280,775,"Mountain-100 Black, 38",Mountain Bikes,Bikes,AdventureWorks
280,281,776,"Mountain-100 Black, 42",Mountain Bikes,Bikes,AdventureWorks
281,282,777,"Mountain-100 Black, 44",Mountain Bikes,Bikes,AdventureWorks
282,283,778,"Mountain-100 Black, 48",Mountain Bikes,Bikes,AdventureWorks
283,284,779,"Mountain-200 Silver, 38",Mountain Bikes,Bikes,AdventureWorks
284,285,780,"Mountain-200 Silver, 42",Mountain Bikes,Bikes,AdventureWorks
285,286,781,"Mountain-200 Silver, 46",Mountain Bikes,Bikes,AdventureWorks
286,287,782,"Mountain-200 Black, 38",Mountain Bikes,Bikes,AdventureWorks
287,288,783,"Mountain-200 Black, 42",Mountain Bikes,Bikes,AdventureWorks
288,289,784,"Mountain-200 Black, 46",Mountain Bikes,Bikes,AdventureWorks
289,290,785,"Mountain-300 Black, 38",Mountain Bikes,Bikes,AdventureWorks
290,291,786,"Mountain-300 Black, 40",Mountain Bikes,Bikes,AdventureWorks
291,292,787,"Mountain-300 Black, 44",Mountain Bikes,Bikes,AdventureWorks
292,293,788,"Mountain-300 Black, 48",Mountain Bikes,Bikes,AdventureWorks
293,294,789,"Road-250 Red, 44",Road Bikes,Bikes,AdventureWorks
294,295,790,"Road-250 Red, 48",Road Bikes,Bikes,AdventureWorks
295,296,791,"Road-250 Red, 52",Road Bikes,Bikes,AdventureWorks
296,297,792,"Road-250 Red, 58",Road Bikes,Bikes,AdventureWorks
297,298,793,"Road-250 Black, 44",Road Bikes,Bikes,AdventureWorks
298,299,794,"Road-250 Black, 48",Road Bikes,Bikes,AdventureWorks
299,300,795,"Road-250 Black, 52",Road Bikes,Bikes,AdventureWorks
300,301,796,"Road-250 Black, 58",Road Bikes,Bikes,AdventureWorks
301,302,797,"Road-550-W Yellow, 38",Road Bikes,Bikes,AdventureWorks
302,303,798,"Road-550-W Yellow, 40",Road Bikes,Bikes,AdventureWorks
303,304,799,"Road-550-W Yellow, 42",Road Bikes,Bikes,AdventureWorks
304,305,800,"Road-550-W Yellow, 44",Road Bikes,Bikes,AdventureWorks
305,306,801,"Road-550-W Yellow, 48",Road Bikes,Bikes,AdventureWorks
306,307,802,LL Fork,Forks,Components,AdventureWorks
307,308,803,ML Fork,Forks,Components,AdventureWorks
308,309,804,HL Fork,Forks,Components,AdventureWorks
309,310,805,LL Headset,Headsets,Components,AdventureWorks
310,311,806,ML Headset,Headsets,Components,AdventureWorks
311,312,807,HL Headset,Headsets,Components,AdventureWorks
312,313,808,LL Mountain Handlebars,Handlebars,Components,AdventureWorks
313,314,809,ML Mountain Handlebars,Handlebars,Components,AdventureWorks
314,315,810,HL Mountain Handlebars,Handlebars,Components,AdventureWorks
315,316,811,LL Road Handlebars,Handlebars,Components,AdventureWorks
316,317,812,ML Road Handlebars,Handlebars,Components,AdventureWorks
317,318,813,HL Road Handlebars,Handlebars,Components,AdventureWorks
318,319,814,"ML Mountain Frame - Black, 38",Mountain Frames,Components,AdventureWorks
319,320,815,LL Mountain Front Wheel,Wheels,Components,AdventureWorks
320,321,816,ML Mountain Front Wheel,Wheels,Components,AdventureWorks
321,322,817,HL Mountain Front Wheel,Wheels,Components,AdventureWorks
322,323,818,LL Road Front Wheel,Wheels,Components,AdventureWorks
323,324,819,ML Road Front Wheel,Wheels,Components,AdventureWorks
324,325,820,HL Road Front Wheel,Wheels,Components,AdventureWorks
325,326,821,Touring Front Wheel,Wheels,Components,AdventureWorks
326,327,822,"ML Road Frame-W - Yellow, 38",Road Frames,Components,AdventureWorks
327,328,823,LL Mountain Rear Wheel,Wheels,Components,AdventureWorks
328,329,824,ML Mountain Rear Wheel,Wheels,Components,AdventureWorks
329,330,825,HL Mountain Rear Wheel,Wheels,Components,AdventureWorks
330,331,826,LL Road Rear Wheel,Wheels,Components,AdventureWorks
331,332,827,ML Road Rear Wheel,Wheels,Components,AdventureWorks
332,333,828,HL Road Rear Wheel,Wheels,Components,AdventureWorks
333,334,829,Touring Rear Wheel,Wheels,Components,AdventureWorks
334,335,830,"ML Mountain Frame - Black, 40",Mountain Frames,Components,AdventureWorks
335,336,831,"ML Mountain Frame - Black, 44",Mountain Frames,Components,AdventureWorks
336,337,832,"ML Mountain Frame - Black, 48",Mountain Frames,Components,AdventureWorks
337,338,833,"ML Road Frame-W - Yellow, 40",Road Frames,Components,AdventureWorks
338,339,834,"ML Road Frame-W - Yellow, 42",Road Frames,Components,AdventureWorks
339,340,835,"ML Road Frame-W - Yellow, 44",Road Frames,Components,AdventureWorks
340,341,836,"ML Road Frame-W - Yellow, 48",Road Frames,Components,AdventureWorks
341,342,837,"HL Road Frame - Black, 62",Road Frames,Components,AdventureWorks
342,343,838,"HL Road Frame - Black, 44",Road Frames,Components,AdventureWorks
343,344,839,"HL Road Frame - Black, 48",Road Frames,Components,AdventureWorks
344,345,840,"HL Road Frame - Black, 52",Road Frames,Components,AdventureWorks
345,346,841,"Men's Sports Shorts, S",Shorts,Clothing,AdventureWorks
346,347,842,"Touring-Panniers, Large",Panniers,Accessories,AdventureWorks
347,348,843,Cable Lock,Locks,Accessories,AdventureWorks
348,349,844,Minipump,Pumps,Accessories,AdventureWorks
349,350,845,Mountain Pump,Pumps,Accessories,AdventureWorks
350,351,846,Taillights - Battery-Powered,Lights,Accessories,AdventureWorks
351,352,847,Headlights - Dual-Beam,Lights,Accessories,AdventureWorks
352,353,848,Headlights - Weatherproof,Lights,Accessories,AdventureWorks
353,354,849,"Men's Sports Shorts, M",Shorts,Clothing,AdventureWorks
354,355,850,"Men's Sports Shorts, L",Shorts,Clothing,AdventureWorks
355,356,851,"Men's Sports Shorts, XL",Shorts,Clothing,AdventureWorks
356,357,852,"Women's Tights, S",Tights,Clothing,AdventureWorks
357,358,853,"Women's Tights, M",Tights,Clothing,AdventureWorks
358,359,854,"Women's Tights, L",Tights,Clothing,AdventureWorks
359,360,855,"Men's Bib-Shorts, S",Bib-Shorts,Clothing,AdventureWorks
360,361,856,"Men's Bib-Shorts, M",Bib-Shorts,Clothing,AdventureWorks
361,362,857,"Men's Bib-Shorts, L",Bib-Shorts,Clothing,AdventureWorks
362,363,858,"Half-Finger Gloves, S",Gloves,Clothing,AdventureWorks
363,364,859,"Half-Finger Gloves, M",Gloves,Clothing,AdventureWorks
364,365,860,"Half-Finger Gloves, L",Gloves,Clothing,AdventureWorks
365,366,861,"Full-Finger Gloves, S",Gloves,Clothing,AdventureWorks
366,367,862,"Full-Finger Gloves, M",Gloves,Clothing,AdventureWorks
367,368,863,"Full-Finger Gloves, L",Gloves,Clothing,AdventureWorks
368,369,864,"Classic Vest, S",Vests,Clothing,AdventureWorks
369,370,865,"Classic Vest, M",Vests,Clothing,AdventureWorks
370,371,866,"Classic Vest, L",Vests,Clothing,AdventureWorks
371,372,867,"Women's Mountain Shorts, S",Shorts,Clothing,AdventureWorks
372,373,868,"Women's Mountain Shorts, M",Shorts,Clothing,AdventureWorks
373,374,869,"Women's Mountain Shorts, L",Shorts,Clothing,AdventureWorks
374,375,870,Water Bottle - 30 oz.,Bottles and Cages,Accessories,AdventureWorks
375,376,871,Mountain Bottle Cage,Bottles and Cages,Accessories,AdventureWorks
376,377,872,Road Bottle Cage,Bottles and Cages,Accessories,AdventureWorks
377,378,873,Patch Kit/8 Patches,Tires and Tubes,Accessories,AdventureWorks
378,379,874,"Racing Socks, M",Socks,Clothing,AdventureWorks
379,380,875,"Racing Socks, L",Socks,Clothing,AdventureWorks
380,381,876,Hitch Rack - 4-Bike,Bike Racks,Accessories,AdventureWorks
381,382,877,Bike Wash - Dissolver,Cleaners,Accessories,AdventureWorks
382,383,878,Fender Set - Mountain,Fenders,Accessories,AdventureWorks
383,384,879,All-Purpose Bike Stand,Bike Stands,Accessories,AdventureWorks
384,385,880,Hydration Pack - 70 oz.,Hydration Packs,Accessories,AdventureWorks
385,386,881,"Short-Sleeve Classic Jersey, S",Jerseys,Clothing,AdventureWorks
386,387,882,"Short-Sleeve Classic Jersey, M",Jerseys,Clothing,AdventureWorks
387,388,883,"Short-Sleeve Classic Jersey, L",Jerseys,Clothing,AdventureWorks
388,389,884,"Short-Sleeve Classic Jersey, XL",Jerseys,Clothing,AdventureWorks
389,390,885,"HL Touring Frame - Yellow, 60",Touring Frames,Components,AdventureWorks
390,391,886,"LL Touring Frame - Yellow, 62",Touring Frames,Components,AdventureWorks
391,392,887,"HL Touring Frame - Yellow, 46",Touring Frames,Components,AdventureWorks
392,393,888,"HL Touring Frame - Yellow, 50",Touring Frames,Components,AdventureWorks
393,394,889,"HL Touring Frame - Yellow, 54",Touring Frames,Components,AdventureWorks
394,395,890,"HL Touring Frame - Blue, 46",Touring Frames,Components,AdventureWorks
395,396,891,"HL Touring Frame - Blue, 50",Touring Frames,Components,AdventureWorks
396,397,892,"HL Touring Frame - Blue, 54",Touring Frames,Components,AdventureWorks
397,398,893,"HL Touring Frame - Blue, 60",Touring Frames,Components,AdventureWorks
398,399,894,Rear Derailleur,Derailleurs,Components,AdventureWorks
399,400,895,"LL Touring Frame - Blue, 50",Touring Frames,Components,AdventureWorks
400,401,896,"LL Touring Frame - Blue, 54",Touring Frames,Components,AdventureWorks
401,402,897,"LL Touring Frame - Blue, 58",Touring Frames,Components,AdventureWorks
402,403,898,"LL Touring Frame - Blue, 62",Touring Frames,Components,AdventureWorks
403,404,899,"LL Touring Frame - Yellow, 44",Touring Frames,Components,AdventureWorks
404,405,900,"LL Touring Frame - Yellow, 50",Touring Frames,Components,AdventureWorks
405,406,901,"LL Touring Frame - Yellow, 54",Touring Frames,Components,AdventureWorks
406,407,902,"LL Touring Frame - Yellow, 58",Touring Frames,Components,AdventureWorks
407,408,903,"LL Touring Frame - Blue, 44",Touring Frames,Components,AdventureWorks
408,409,904,"ML Mountain Frame-W - Silver, 40",Mountain Frames,Components,AdventureWorks
409,410,905,"ML Mountain Frame-W - Silver, 42",Mountain Frames,Components,AdventureWorks
410,411,906,"ML Mountain Frame-W - Silver, 46",Mountain Frames,Components,AdventureWorks
411,412,907,Rear Brakes,Brakes,Components,AdventureWorks
412,413,908,LL Mountain Seat/Saddle,Saddles,Components,AdventureWorks
413,414,909,ML Mountain Seat/Saddle,Saddles,Components,AdventureWorks
414,415,910,HL Mountain Seat/Saddle,Saddles,Components,AdventureWorks
415,416,911,LL Road Seat/Saddle,Saddles,Components,AdventureWorks
416,417,912,ML Road Seat/Saddle,Saddles,Components,AdventureWorks
417,418,913,HL Road Seat/Saddle,Saddles,Components,AdventureWorks
418,419,914,LL Touring Seat/Saddle,Saddles,Components,AdventureWorks
419,420,915,ML Touring Seat/Saddle,Saddles,Components,AdventureWorks
420,421,916,HL Touring Seat/Saddle,Saddles,Components,AdventureWorks
421,422,917,"LL Mountain Frame - Silver, 42",Mountain Frames,Components,AdventureWorks
422,423,918,"LL Mountain Frame - Silver, 44",Mountain Frames,Components,AdventureWorks
423,424,919,"LL Mountain Frame - Silver, 48",Mountain Frames,Components,AdventureWorks
424,425,920,"LL Mountain Frame - Silver, 52",Mountain Frames,Components,AdventureWorks
425,426,921,Mountain Tire Tube,Tires and Tubes,Accessories,AdventureWorks
426,427,922,Road Tire Tube,Tires and Tubes,Accessories,AdventureWorks
427,428,923,Touring Tire Tube,Tires and Tubes,Accessories,AdventureWorks
428,429,924,"LL Mountain Frame - Black, 42",Mountain Frames,Components,AdventureWorks
429,430,925,"LL Mountain Frame - Black, 44",Mountain Frames,Components,AdventureWorks
430,431,926,"LL Mountain Frame - Black, 48",Mountain Frames,Components,AdventureWorks
431,432,927,"LL Mountain Frame - Black, 52",Mountain Frames,Components,AdventureWorks
432,433,928,LL Mountain Tire,Tires and Tubes,Accessories,AdventureWorks
433,434,929,ML Mountain Tire,Tires and Tubes,Accessories,AdventureWorks
434,435,930,HL Mountain Tire,Tires and Tubes,Accessories,AdventureWorks
435,436,931,LL Road Tire,Tires and Tubes,Accessories,AdventureWorks
436,437,932,ML Road Tire,Tires and Tubes,Accessories,AdventureWorks
437,438,933,HL Road Tire,Tires and Tubes,Accessories,AdventureWorks
438,439,934,Touring Tire,Tires and Tubes,Accessories,AdventureWorks
439,440,935,LL Mountain Pedal,Pedals,Components,AdventureWorks
440,441,936,ML Mountain Pedal,Pedals,Components,AdventureWorks
441,442,937,HL Mountain Pedal,Pedals,Components,AdventureWorks
442,443,938,LL Road Pedal,Pedals,Components,AdventureWorks
443,444,939,ML Road Pedal,Pedals,Components,AdventureWorks
444,445,940,HL Road Pedal,Pedals,Components,AdventureWorks
445,446,941,Touring Pedal,Pedals,Components,AdventureWorks
446,447,942,"ML Mountain Frame-W - Silver, 38",Mountain Frames,Components,AdventureWorks
447,448,943,"LL Mountain Frame - Black, 40",Mountain Frames,Components,AdventureWorks
448,449,944,"LL Mountain Frame - Silver, 40",Mountain Frames,Components,AdventureWorks
449,450,945,Front Derailleur,Derailleurs,Components,AdventureWorks
450,451,946,LL Touring Handlebars,Handlebars,Components,AdventureWorks
451,452,947,HL Touring Handlebars,Handlebars,Components,AdventureWorks
452,453,948,Front Brakes,Brakes,Components,AdventureWorks
453,454,949,LL Crankset,Cranksets,Components,AdventureWorks
454,455,950,ML Crankset,Cranksets,Components,AdventureWorks
455,456,951,HL Crankset,Cranksets,Components,AdventureWorks
456,457,952,Chain,Chains,Components,AdventureWorks
457,458,953,"Touring-2000 Blue, 60",Touring Bikes,Bikes,AdventureWorks
458,459,954,"Touring-1000 Yellow, 46",Touring Bikes,Bikes,AdventureWorks
459,460,955,"Touring-1000 Yellow, 50",Touring Bikes,Bikes,AdventureWorks
460,461,956,"Touring-1000 Yellow, 54",Touring Bikes,Bikes,AdventureWorks
461,462,957,"Touring-1000 Yellow, 60",Touring Bikes,Bikes,AdventureWorks
462,463,958,"Touring-3000 Blue, 54",Touring Bikes,Bikes,AdventureWorks
463,464,959,"Touring-3000 Blue, 58",Touring Bikes,Bikes,AdventureWorks
464,465,960,"Touring-3000 Blue, 62",Touring Bikes,Bikes,AdventureWorks
465,466,961,"Touring-3000 Yellow, 44",Touring Bikes,Bikes,AdventureWorks
466,467,962,"Touring-3000 Yellow, 50",Touring Bikes,Bikes,AdventureWorks
467,468,963,"Touring-3000 Yellow, 54",Touring Bikes,Bikes,AdventureWorks
468,469,964,"Touring-3000 Yellow, 58",Touring Bikes,Bikes,AdventureWorks
469,470,965,"Touring-3000 Yellow, 62",Touring Bikes,Bikes,AdventureWorks
470,471,966,"Touring-1000 Blue, 46",Touring Bikes,Bikes,AdventureWorks
471,472,967,"Touring-1000 Blue, 50",Touring Bikes,Bikes,AdventureWorks
472,473,968,"Touring-1000 Blue, 54",Touring Bikes,Bikes,AdventureWorks
473,474,969,"Touring-1000 Blue, 60",Touring Bikes,Bikes,AdventureWorks
474,475,970,"Touring-2000 Blue, 46",Touring Bikes,Bikes,AdventureWorks
475,476,971,"Touring-2000 Blue, 50",Touring Bikes,Bikes,AdventureWorks
476,477,972,"Touring-2000 Blue, 54",Touring Bikes,Bikes,AdventureWorks
477,478,973,"Road-350-W Yellow, 40",Road Bikes,Bikes,AdventureWorks
478,479,974,"Road-350-W Yellow, 42",Road Bikes,Bikes,AdventureWorks
479,480,975,"Road-350-W Yellow, 44",Road Bikes,Bikes,AdventureWorks
480,481,976,"Road-350-W Yellow, 48",Road Bikes,Bikes,AdventureWorks
481,482,977,"Road-750 Black, 58",Road Bikes,Bikes,AdventureWorks
482,483,978,"Touring-3000 Blue, 44",Touring Bikes,Bikes,AdventureWorks
483,484,979,"Touring-3000 Blue, 50",Touring Bikes,Bikes,AdventureWorks
484,485,980,"Mountain-400-W Silver, 38",Mountain Bikes,Bikes,AdventureWorks
485,486,981,"Mountain-400-W Silver, 40",Mountain Bikes,Bikes,AdventureWorks
486,487,982,"Mountain-400-W Silver, 42",Mountain Bikes,Bikes,AdventureWorks
487,488,983,"Mountain-400-W Silver, 46",Mountain Bikes,Bikes,AdventureWorks
488,489,984,"Mountain-500 Silver, 40",Mountain Bikes,Bikes,AdventureWorks
489,490,985,"Mountain-500 Silver, 42",Mountain Bikes,Bikes,AdventureWorks
490,491,986,"Mountain-500 Silver, 44",Mountain Bikes,Bikes,AdventureWorks
491,492,987,"Mountain-500 Silver, 48",Mountain Bikes,Bikes,AdventureWorks
492,493,988,"Mountain-500 Silver, 52",Mountain Bikes,Bikes,AdventureWorks
493,494,989,"Mountain-500 Black, 40",Mountain Bikes,Bikes,AdventureWorks
494,495,990,"Mountain-500 Black, 42",Mountain Bikes,Bikes,AdventureWorks
495,496,991,"Mountain-500 Black, 44",Mountain Bikes,Bikes,AdventureWorks
496,497,992,"Mountain-500 Black, 48",Mountain Bikes,Bikes,AdventureWorks
497,498,993,"Mountain-500 Black, 52",Mountain Bikes,Bikes,AdventureWorks
498,499,994,LL Bottom Bracket,Bottom Brackets,Components,AdventureWorks
499,500,995,ML Bottom Bracket,Bottom Brackets,Components,AdventureWorks
500,501,996,HL Bottom Bracket,Bottom Brackets,Components,AdventureWorks
501,502,997,"Road-750 Black, 44",Road Bikes,Bikes,AdventureWorks
502,503,998,"Road-750 Black, 48",Road Bikes,Bikes,AdventureWorks
503,504,999,"Road-750 Black, 52",Road Bikes,Bikes,AdventureWorks
504,505,300,Tank Top,Tee Shirt,Clothing,AenC
505,506,301,V-neck,Tee Shirt,Clothing,AenC
506,507,302,Crew Neck,Tee Shirt,Clothing,AenC
507,508,400,Cotton Cap,Baseball Cap,Accessories,AenC
508,509,401,Wool cap,Baseball Cap,Accessories,AenC
509,510,500,Cloth Visor,Visor,Accessories,AenC
510,511,501,Plastic Visor,Visor,Accessories,AenC
511,512,600,Hooded Sweatshirt,Sweatshirt,Clothing,AenC
512,513,601,Zipped Sweatshirt,Sweatshirt,Clothing,AenC
513,514,700,Cotton Shorts,Shorts,Clothing,AenC
514,515,1,Chai,Beverages,Food,NorthWind
515,516,2,Chang,Beverages,Food,NorthWind
516,517,3,Aniseed Syrup,Condiments,Food,NorthWind
517,518,4,Chef Anton's Cajun Seasoning,Condiments,Food,NorthWind
518,519,5,Chef Anton's Gumbo Mix,Condiments,Food,NorthWind
519,520,6,Grandma's Boysenberry Spread,Condiments,Food,NorthWind
520,521,7,Uncle Bob's Organic Dried Pears,Produce,Food,NorthWind
521,522,8,Northwoods Cranberry Sauce,Condiments,Food,NorthWind
522,523,9,Mishi Kobe Niku,Meat/Poultry,Food,NorthWind
523,524,10,Ikura,Seafood,Food,NorthWind
524,525,11,Queso Cabrales,Dairy Products,Food,NorthWind
525,526,12,Queso Manchego La Pastora,Dairy Products,Food,NorthWind
526,527,13,Konbu,Seafood,Food,NorthWind
527,528,14,Tofu,Produce,Food,NorthWind
528,529,15,Genen Shouyu,Condiments,Food,NorthWind
529,530,16,Pavlova,Confections,Food,NorthWind
530,531,17,Alice Mutton,Meat/Poultry,Food,NorthWind
531,532,18,Carnarvon Tigers,Seafood,Food,NorthWind
532,533,19,Teatime Chocolate Biscuits,Confections,Food,NorthWind
533,534,20,Sir Rodney's Marmalade,Confections,Food,NorthWind
534,535,21,Sir Rodney's Scones,Confections,Food,NorthWind
535,536,22,Gustaf's Knäckebröd,Grains/Cereals,Food,NorthWind
536,537,23,Tunnbröd,Grains/Cereals,Food,NorthWind
537,538,24,Guaraná Fantástica,Beverages,Food,NorthWind
538,539,25,NuNuCa Nuß-Nougat-Creme,Confections,Food,NorthWind
539,540,26,Gumbär Gummibärchen,Confections,Food,NorthWind
540,541,27,Schoggi Schokolade,Confections,Food,NorthWind
541,542,28,Rössle Sauerkraut,Produce,Food,NorthWind
542,543,29,Thüringer Rostbratwurst,Meat/Poultry,Food,NorthWind
543,544,30,Nord-Ost Matjeshering,Seafood,Food,NorthWind
544,545,31,Gorgonzola Telino,Dairy Products,Food,NorthWind
545,546,32,Mascarpone Fabioli,Dairy Products,Food,NorthWind
546,547,33,Geitost,Dairy Products,Food,NorthWind
547,548,34,Sasquatch Ale,Beverages,Food,NorthWind
548,549,35,Steeleye Stout,Beverages,Food,NorthWind
549,550,36,Inlagd Sill,Seafood,Food,NorthWind
550,551,37,Gravad lax,Seafood,Food,NorthWind
551,552,38,Côte de Blaye,Beverages,Food,NorthWind
552,553,39,Chartreuse verte,Beverages,Food,NorthWind
553,554,40,Boston Crab Meat,Seafood,Food,NorthWind
554,555,41,Jack's New England Clam Chowder,Seafood,Food,NorthWind
555,556,42,Singaporean Hokkien Fried Mee,Grains/Cereals,Food,NorthWind
556,557,43,Ipoh Coffee,Beverages,Food,NorthWind
557,558,44,Gula Malacca,Condiments,Food,NorthWind
558,559,45,Rogede sild,Seafood,Food,NorthWind
559,560,46,Spegesild,Seafood,Food,NorthWind
560,561,47,Zaanse koeken,Confections,Food,NorthWind
561,562,48,Chocolade,Confections,Food,NorthWind
562,563,49,Maxilaku,Confections,Food,NorthWind
563,564,50,Valkoinen suklaa,Confections,Food,NorthWind
564,565,51,Manjimup Dried Apples,Produce,Food,NorthWind
565,566,52,Filo Mix,Grains/Cereals,Food,NorthWind
566,567,53,Perth Pasties,Meat/Poultry,Food,NorthWind
567,568,54,Tourtière,Meat/Poultry,Food,NorthWind
568,569,55,Pâté chinois,Meat/Poultry,Food,NorthWind
569,570,56,Gnocchi di nonna Alice,Grains/Cereals,Food,NorthWind
570,571,57,Ravioli Angelo,Grains/Cereals,Food,NorthWind
571,572,58,Escargots de Bourgogne,Seafood,Food,NorthWind
572,573,59,Raclette Courdavault,Dairy Products,Food,NorthWind
573,574,60,Camembert Pierrot,Dairy Products,Food,NorthWind
574,575,61,Sirop d'érable,Condiments,Food,NorthWind
575,576,62,Tarte au sucre,Confections,Food,NorthWind
576,577,63,Vegie-spread,Condiments,Food,NorthWind
577,578,64,Wimmers gute Semmelknödel,Grains/Cereals,Food,NorthWind
578,579,65,Louisiana Fiery Hot Pepper Sauce,Condiments,Food,NorthWind
579,580,66,Louisiana Hot Spiced Okra,Condiments,Food,NorthWind
580,581,67,Laughing Lumberjack Lager,Beverages,Food,NorthWind
581,582,68,Scottish Longbreads,Confections,Food,NorthWind
582,583,69,Gudbrandsdalsost,Dairy Products,Food,NorthWind
583,584,70,Outback Lager,Beverages,Food,NorthWind
584,585,71,Flotemysost,Dairy Products,Food,NorthWind
585,586,72,Mozzarella di Giovanni,Dairy Products,Food,NorthWind
586,587,73,Röd Kaviar,Seafood,Food,NorthWind
587,588,74,Longlife Tofu,Produce,Food,NorthWind
588,589,75,Rhönbräu Klosterbier,Beverages,Food,NorthWind
589,590,76,Lakkalikööri,Beverages,Food,NorthWind
590,591,77,Original Frankfurter grüne Soße,Condiments,Food,NorthWind
